﻿<?xml version="1.0" encoding="utf-8"?>
<deployment>
  <id>d0cefd8c-fcec-425d-8d92-3279796c4c3a</id>
  <author>N/A</author>
  <deployer>Push-Deployer</deployer>
  <authorEmail>N/A</authorEmail>
  <message>Created via a push deployment</message>
  <progress></progress>
  <status>Success</status>
  <statusText></statusText>
  <lastSuccessEndTime>2026-02-18T14:29:11.4086627Z</lastSuccessEndTime>
  <receivedTime>2026-02-18T14:24:43.593217Z</receivedTime>
  <startTime>2026-02-18T14:24:46.7650657Z</startTime>
  <endTime>2026-02-18T14:29:11.4086627Z</endTime>
  <complete>True</complete>
  <is_temp>False</is_temp>
  <is_readonly>True</is_readonly>
  <containerId>cfa3b636435f</containerId>
  <buildSummary />
</deployment>