﻿<?xml version="1.0" encoding="utf-8"?>
<deployment>
  <id>6dc56c24-733f-4ae3-9e5a-f6835192d08e</id>
  <author>N/A</author>
  <deployer>Push-Deployer</deployer>
  <authorEmail>N/A</authorEmail>
  <message>Created via a push deployment</message>
  <progress></progress>
  <status>Success</status>
  <statusText></statusText>
  <lastSuccessEndTime>2026-02-18T14:40:08.690497Z</lastSuccessEndTime>
  <receivedTime>2026-02-18T14:36:59.8695901Z</receivedTime>
  <startTime>2026-02-18T14:37:01.2676028Z</startTime>
  <endTime>2026-02-18T14:40:08.690497Z</endTime>
  <complete>True</complete>
  <is_temp>False</is_temp>
  <is_readonly>True</is_readonly>
  <containerId>c6080c010644</containerId>
  <buildSummary />
</deployment>