﻿<?xml version="1.0" encoding="utf-8"?>
<deployment>
  <id>e178c7fb-6893-44ab-9877-9d4afe9a388e</id>
  <author>N/A</author>
  <deployer>Push-Deployer</deployer>
  <authorEmail>N/A</authorEmail>
  <message>Created via a push deployment</message>
  <progress></progress>
  <status>Success</status>
  <statusText></statusText>
  <lastSuccessEndTime>2026-02-18T14:21:35.0111738Z</lastSuccessEndTime>
  <receivedTime>2026-02-18T14:16:51.2763866Z</receivedTime>
  <startTime>2026-02-18T14:16:52.7303269Z</startTime>
  <endTime>2026-02-18T14:21:35.0111738Z</endTime>
  <complete>True</complete>
  <is_temp>False</is_temp>
  <is_readonly>True</is_readonly>
  <containerId>cfa3b636435f</containerId>
  <buildSummary />
</deployment>