﻿<?xml version="1.0" encoding="utf-8"?>
<deployment>
  <id>8b4c6f61-04a9-4029-a4a0-b5b68068e71c</id>
  <author>N/A</author>
  <deployer>Push-Deployer</deployer>
  <authorEmail>N/A</authorEmail>
  <message>Created via a push deployment</message>
  <progress></progress>
  <status>Success</status>
  <statusText></statusText>
  <lastSuccessEndTime>2026-02-18T14:53:59.6740273Z</lastSuccessEndTime>
  <receivedTime>2026-02-18T14:50:56.4603954Z</receivedTime>
  <startTime>2026-02-18T14:50:57.8378721Z</startTime>
  <endTime>2026-02-18T14:53:59.6740273Z</endTime>
  <complete>True</complete>
  <is_temp>False</is_temp>
  <is_readonly>True</is_readonly>
  <containerId>c6080c010644</containerId>
  <buildSummary />
</deployment>