﻿<?xml version="1.0" encoding="utf-8"?>
<deployment>
  <id>60492690-82e7-4626-bb2c-ee744da413fc</id>
  <author>N/A</author>
  <deployer>Push-Deployer</deployer>
  <authorEmail>N/A</authorEmail>
  <message>Created via a push deployment</message>
  <progress></progress>
  <status>Success</status>
  <statusText></statusText>
  <lastSuccessEndTime>2026-02-18T13:55:40.2412656Z</lastSuccessEndTime>
  <receivedTime>2026-02-18T13:53:19.6455795Z</receivedTime>
  <startTime>2026-02-18T13:53:21.1501169Z</startTime>
  <endTime>2026-02-18T13:55:40.2412656Z</endTime>
  <complete>True</complete>
  <is_temp>False</is_temp>
  <is_readonly>True</is_readonly>
  <containerId>101b3c14a28e</containerId>
  <buildSummary />
</deployment>