﻿<?xml version="1.0" encoding="utf-8"?>
<deployment>
  <id>ed5378f9-10e5-4a94-92b4-080b470e77e5</id>
  <author>N/A</author>
  <deployer>Push-Deployer</deployer>
  <authorEmail>N/A</authorEmail>
  <message>Created via a push deployment</message>
  <progress></progress>
  <status>Success</status>
  <statusText></statusText>
  <lastSuccessEndTime>2026-02-18T15:10:16.406726Z</lastSuccessEndTime>
  <receivedTime>2026-02-18T15:06:08.6125555Z</receivedTime>
  <startTime>2026-02-18T15:06:10.0227028Z</startTime>
  <endTime>2026-02-18T15:10:16.406726Z</endTime>
  <complete>True</complete>
  <is_temp>False</is_temp>
  <is_readonly>True</is_readonly>
  <containerId>c6080c010644</containerId>
  <buildSummary />
</deployment>