<step title="BackgroundTrace" date="2026-02-18T14:24:20.712" instance="3afc23" url="/api/zipdeploy" method="POST" >
  <step title="Cleanup Xml Logs" date="2026-02-18T14:24:20.716" /><!-- duration: 23ms -->
  <step title="Creating temporary deployment - FetchDeploymentManager" date="2026-02-18T14:24:21.224" /><!-- duration: 24ms -->
  <step title="Creating temporary deployment" date="2026-02-18T14:24:21.257" /><!-- duration: 5005ms -->
  <step title="Performing fetch based deployment" date="2026-02-18T14:24:27.210" >
    <step title="Cleaning up temp folders from previous zip deployments and extracting pushed zip file /tmp/zipdeploy/cbcd967b-f1e4-4962-91c7-21aed87ff0a3.zip (0.16 MB) to /tmp/zipdeploy/extracted" date="2026-02-18T14:24:32.301" >
      <step title="ChmodRecursive Process exited with total time taken in ms: 175" date="2026-02-18T14:24:39.815" /><!-- duration: 11ms -->
    </step><!-- duration: 7531ms -->
    <step title="Deployment timer started" date="2026-02-18T14:24:42.372" >
      <step title="DeploymentManager.Deploy(id:d0cefd8c-fcec-425d-8d92-3279796c4c3a)" date="2026-02-18T14:24:42.381" >
        <step title="Collecting changeset information" date="2026-02-18T14:24:42.401" /><!-- duration: 1280ms -->
        <step title="Updating submodules" date="2026-02-18T14:24:43.694" /><!-- duration: 2845ms -->
        <step title="Determining deployment builder" date="2026-02-18T14:24:47.230" >
          <step title="Builder is OryxBuilder" date="2026-02-18T14:24:47.248" /><!-- duration: 11ms -->
        </step><!-- duration: 40ms -->
        <step title="PreDeployment: context.CleanOutputPath False" date="2026-02-18T14:24:47.370" >
          <step title="PreDeployment: context.OutputPath /home/site/wwwroot" date="2026-02-18T14:24:47.527" >
            <step title="Building" date="2026-02-18T14:24:47.698" >
              <step title="Executing external process" date="2026-02-18T14:24:49.365" type="process" path="bash" arguments="-c &quot;oryx build /tmp/zipdeploy/extracted -o /home/site/wwwroot --platform python --platform-version 3.12 -p virtualenv_name=antenv --log-file /tmp/build-debug.log  -i /tmp/8de6ef978067cf7 --compress-destination-dir | tee /tmp/oryx-build.log ; exit $PIPESTATUS &quot;" >
                <step title="Cpu: python3(1583,8.710s)+python3(1584,10.490s)+uv(1531,1.910s)+ts(1532,0.050s)+build.sh(1530,0.000s)+build.sh(1529,0.000s)+build.sh(1442,0.030s)+oryx(1421,2.440s)+tee(1422,0.000s)+bash(1420,0.000s)=total(23.620s)" date="2026-02-18T14:26:35.009" /><!-- duration: 15ms -->
                <step title="bash: no io activity for 61s, prev-cpu=-1.000s, current-cpu=23.620s" date="2026-02-18T14:26:35.121" /><!-- duration: 5ms -->
                <step title="Cpu: python3(1583,17.380s)+python3(1584,19.680s)+uv(1531,2.580s)+ts(1532,0.050s)+build.sh(1530,0.000s)+build.sh(1529,0.000s)+build.sh(1442,0.030s)+oryx(1421,2.570s)+tee(1422,0.000s)+bash(1420,0.000s)=total(42.290s)" date="2026-02-18T14:27:35.371" /><!-- duration: 36ms -->
                <step title="bash: no io activity for 121s, prev-cpu=23.620s, current-cpu=42.290s" date="2026-02-18T14:27:35.438" /><!-- duration: 12ms -->
              </step><!-- duration: 259512ms -->
              <step title="Using PythonDeploymentLogParser" date="2026-02-18T14:29:09.345" /><!-- duration: 7ms -->
              <step title="Triggering recycle (preview mode disabled)." date="2026-02-18T14:29:10.940" /><!-- duration: 8ms -->
              <step title="Modified file to trigger a restart of the app container." date="2026-02-18T14:29:10.986" /><!-- duration: 11ms -->
              <step title="Skip function trigger and logicapp sync because function is not enabled." date="2026-02-18T14:29:11.002" /><!-- duration: 6ms -->
            </step><!-- duration: 264309ms -->
          </step><!-- duration: 264493ms -->
          <step title="Cleaning up temp files" date="2026-02-18T14:29:12.025" /><!-- duration: 2359ms -->
          <step title="Cleaning up temp files" date="2026-02-18T14:29:14.399" /><!-- duration: 509ms -->
          <step title="Reloading status file with latest updates" date="2026-02-18T14:29:14.965" >
            <step title="WebHooksManager.PublishEventAsync: PostDeployment" date="2026-02-18T14:29:14.970" /><!-- duration: 29ms -->
          </step><!-- duration: 42ms -->
          <step title="Cleaning up temporary deployment - fetch deployment was successful" date="2026-02-18T14:29:15.016" /><!-- duration: 6ms -->
        </step><!-- duration: 267729ms -->
      </step><!-- duration: 272742ms -->
