<step title="Incoming Request" date="2026-02-18T14:50:52.099" instance="3afc23" url="/api/zipdeploy?isAsync=true" method="POST" type="request" pid="776,1,3" Accept="*/*" Host="sgt400-predictive-maint.scm.azurewebsites.net" User-Agent="AZURECLI/2.83.0 (MSI)" Accept-Encoding="gzip, deflate" Authorization="Bea..." Cache-Control="no-cache" Content-Type="application/octet-stream" Content-Length="171345" x-ms-client-request-id="2b8ffed6-0cd9-11f1-98cc-9c65ebbafaa8" x-ms-artifact-checksum="605a00b6b13a76231554578ebe3b56cd17ddab12479c3d2b7daebb1d38928911" X-ARR-LOG-ID="2b8ffed6-0cd9-11f1-98cc-9c65ebbafaa8" CLIENT-IP="125.165.153.54:16444" X-SITE-DEPLOYMENT-ID="sgt400-predictive-maint" WAS-DEFAULT-HOSTNAME="sgt400-predictive-maint.scm.azurewebsites.net" X-Forwarded-Proto="https" X-AppService-Proto="https" X-Forwarded-TlsVersion="1.3" X-WAWS-Unencoded-URL="/api/zipdeploy?isAsync=true" X-Client-IP="125.165.153.54" X-Client-Port="16444" >
  <step title="Cleanup Xml Logs" date="2026-02-18T14:50:52.126" /><!-- duration: 119ms -->
  <step title="ZipPushDeploy" date="2026-02-18T14:50:52.413" >
    <step title="ZipDeploy. Extract zip. Remote build." date="2026-02-18T14:50:52.434" /><!-- duration: 5ms -->
    <step title="Starting PushDeployAsync" date="2026-02-18T14:50:52.493" /><!-- duration: 6ms -->
    <step title="Writing artifact to /tmp/zipdeploy/c4e02d7b-7fb1-4a96-ba3e-7064ba87d9d3.zip" date="2026-02-18T14:50:52.525" >
      <step title="Writing multipart request body to /tmp/zipdeploy/c4e02d7b-7fb1-4a96-ba3e-7064ba87d9d3.zip" date="2026-02-18T14:50:52.532" /><!-- duration: 6ms -->
    </step><!-- duration: 102ms -->
    <step title="Removing previous build artifact&apos;s manifest file" date="2026-02-18T14:50:52.639" >
      <step title="Start deployment in the background" date="2026-02-18T14:50:52.683" >
        <step title="Acquiring Deployment Lock" date="2026-02-18T14:50:52.700" /><!-- duration: 6ms -->
        <step title="Acquired Deployment Lock" date="2026-02-18T14:50:52.750" /><!-- duration: 9ms -->
      </step><!-- duration: 242ms -->
    </step><!-- duration: 299ms -->
    <step title="Outgoing response" date="2026-02-18T14:50:52.948" type="response" statusCode="202" statusText="Accepted" /><!-- duration: 6ms -->
  </step><!-- duration: 548ms -->
