<step title="Incoming Request" date="2026-02-18T13:53:14.721" instance="3afc23" url="/api/zipdeploy?isAsync=true" method="POST" type="request" pid="768,1,5" Accept="*/*" Host="sgt400-predictive-maint.scm.azurewebsites.net" User-Agent="AZURECLI/2.83.0 (MSI)" Accept-Encoding="gzip, deflate" Authorization="Bea..." Cache-Control="no-cache" Content-Type="application/octet-stream" Content-Length="170625" x-ms-client-request-id="fab7fb05-0cd0-11f1-b328-9c65ebbafaa8" x-ms-artifact-checksum="ec561546b5719e57b99bc5415b93d7898447c05169f1b9e83a0fa84f99f19078" X-ARR-LOG-ID="fab7fb05-0cd0-11f1-b328-9c65ebbafaa8" CLIENT-IP="125.165.153.54:30701" X-SITE-DEPLOYMENT-ID="sgt400-predictive-maint" WAS-DEFAULT-HOSTNAME="sgt400-predictive-maint.scm.azurewebsites.net" X-Forwarded-Proto="https" X-AppService-Proto="https" X-Forwarded-TlsVersion="1.3" X-WAWS-Unencoded-URL="/api/zipdeploy?isAsync=true" X-Client-IP="125.165.153.54" X-Client-Port="30701" >
  <step title="ZipPushDeploy" date="2026-02-18T13:53:14.982" >
    <step title="ZipDeploy. Extract zip. Remote build." date="2026-02-18T13:53:14.990" /><!-- duration: 4ms -->
    <step title="None repository commit" date="2026-02-18T13:53:15.003" >
      <step title="Commit id: 60492690-82e7-4626-bb2c-ee744da413fc" date="2026-02-18T13:53:15.009" Message="N/A" AuthorName="N/A" AuthorEmail="N/A" /><!-- duration: 4ms -->
    </step><!-- duration: 14ms -->
    <step title="Starting PushDeployAsync" date="2026-02-18T13:53:15.022" /><!-- duration: 5ms -->
    <step title="Writing artifact to /tmp/zipdeploy/28b8dc74-66f2-465c-bfec-f7e47a5b453a.zip" date="2026-02-18T13:53:15.045" >
      <step title="Writing multipart request body to /tmp/zipdeploy/28b8dc74-66f2-465c-bfec-f7e47a5b453a.zip" date="2026-02-18T13:53:15.049" /><!-- duration: 4ms -->
    </step><!-- duration: 26ms -->
    <step title="Start deployment in the background" date="2026-02-18T13:53:15.096" >
      <step title="Acquiring Deployment Lock" date="2026-02-18T13:53:15.125" /><!-- duration: 4ms -->
      <step title="Acquired Deployment Lock" date="2026-02-18T13:53:15.271" /><!-- duration: 4ms -->
    </step><!-- duration: 298ms -->
  </step><!-- duration: 537ms -->
  <step title="Outgoing response" date="2026-02-18T13:53:15.534" type="response" statusCode="202" statusText="Accepted" /><!-- duration: 4ms -->
</step><!-- duration: 820ms -->
