<step title="BackgroundTrace" date="2026-02-18T14:16:47.336" instance="3afc23" url="/api/zipdeploy" method="POST" >
  <step title="Creating temporary deployment - FetchDeploymentManager" date="2026-02-18T14:16:47.418" /><!-- duration: 8ms -->
  <step title="Creating temporary deployment" date="2026-02-18T14:16:47.439" /><!-- duration: 201ms -->
  <step title="Performing fetch based deployment" date="2026-02-18T14:16:47.712" >
    <step title="Cleaning up temp folders from previous zip deployments and extracting pushed zip file /tmp/zipdeploy/373e6214-f76e-4934-9c33-5db18d6ac6b1.zip (0.16 MB) to /tmp/zipdeploy/extracted" date="2026-02-18T14:16:48.932" >
      <step title="ChmodRecursive Process exited with total time taken in ms: 69" date="2026-02-18T14:16:49.094" /><!-- duration: 15ms -->
    </step><!-- duration: 187ms -->
    <step title="Deployment timer started" date="2026-02-18T14:16:51.136" >
      <step title="DeploymentManager.Deploy(id:e178c7fb-6893-44ab-9877-9d4afe9a388e)" date="2026-02-18T14:16:51.144" >
        <step title="Collecting changeset information" date="2026-02-18T14:16:51.178" /><!-- duration: 160ms -->
        <step title="Updating submodules" date="2026-02-18T14:16:51.356" /><!-- duration: 1143ms -->
        <step title="Determining deployment builder" date="2026-02-18T14:16:52.798" >
          <step title="Builder is OryxBuilder" date="2026-02-18T14:16:52.827" /><!-- duration: 8ms -->
        </step><!-- duration: 43ms -->
        <step title="PreDeployment: context.CleanOutputPath False" date="2026-02-18T14:16:52.895" >
          <step title="PreDeployment: context.OutputPath /home/site/wwwroot" date="2026-02-18T14:16:53.074" >
            <step title="Building" date="2026-02-18T14:16:53.271" >
              <step title="Executing external process" date="2026-02-18T14:16:54.210" type="process" path="bash" arguments="-c &quot;oryx build /tmp/zipdeploy/extracted -o /home/site/wwwroot --platform python --platform-version 3.12 -p virtualenv_name=antenv --log-file /tmp/build-debug.log  -i /tmp/8de6ef85d3db65c --compress-destination-dir | tee /tmp/oryx-build.log ; exit $PIPESTATUS &quot;" >
                <step title="Cpu: python3(1278,20.710s)+python3(1279,20.840s)+uv(1211,11.930s)+ts(1212,0.070s)+build.sh(1210,0.000s)+build.sh(1209,0.000s)+build.sh(1100,0.080s)+oryx(1079,6.220s)+tee(1080,0.010s)+bash(1078,0.000s)=total(59.840s)" date="2026-02-18T14:19:13.020" /><!-- duration: 23ms -->
                <step title="bash: no io activity for 60s, prev-cpu=-1.000s, current-cpu=59.840s" date="2026-02-18T14:19:13.052" /><!-- duration: 12ms -->
                <step title="Cpu: zstd(1314,4.620s)+sh(1313,0.000s)+tar(1312,3.320s)+build.sh(1311,0.000s)+build.sh(1310,0.000s)+build.sh(1100,0.090s)+oryx(1079,6.340s)+tee(1080,0.010s)+bash(1078,0.000s)=total(14.380s)" date="2026-02-18T14:20:31.046" /><!-- duration: 28ms -->
                <step title="bash: no io activity for 60s, prev-cpu=-1.000s, current-cpu=14.380s" date="2026-02-18T14:20:31.337" /><!-- duration: 9ms -->
                <step title="Cpu: zstd(1314,9.110s)+sh(1313,0.000s)+tar(1312,5.560s)+build.sh(1311,0.000s)+build.sh(1310,0.000s)+build.sh(1100,0.090s)+oryx(1079,6.370s)+tee(1080,0.010s)+bash(1078,0.000s)=total(21.140s)" date="2026-02-18T14:21:31.404" /><!-- duration: 18ms -->
                <step title="bash: no io activity for 122s, prev-cpu=14.380s, current-cpu=21.140s" date="2026-02-18T14:21:31.442" /><!-- duration: 11ms -->
              </step><!-- duration: 278646ms -->
              <step title="Using PythonDeploymentLogParser" date="2026-02-18T14:21:33.297" /><!-- duration: 9ms -->
              <step title="Triggering recycle (preview mode disabled)." date="2026-02-18T14:21:34.567" /><!-- duration: 17ms -->
              <step title="Modified file to trigger a restart of the app container." date="2026-02-18T14:21:34.613" /><!-- duration: 8ms -->
              <step title="Skip function trigger and logicapp sync because function is not enabled." date="2026-02-18T14:21:34.645" /><!-- duration: 5ms -->
            </step><!-- duration: 282194ms -->
          </step><!-- duration: 282400ms -->
          <step title="Cleaning up temp files" date="2026-02-18T14:21:35.480" /><!-- duration: 1405ms -->
          <step title="Cleaning up temp files" date="2026-02-18T14:21:36.892" /><!-- duration: 508ms -->
          <step title="Reloading status file with latest updates" date="2026-02-18T14:21:37.435" >
            <step title="WebHooksManager.PublishEventAsync: PostDeployment" date="2026-02-18T14:21:37.449" /><!-- duration: 59ms -->
          </step><!-- duration: 78ms -->
          <step title="Cleaning up temporary deployment - fetch deployment was successful" date="2026-02-18T14:21:37.522" /><!-- duration: 5ms -->
        </step><!-- duration: 284689ms -->
      </step><!-- duration: 286476ms -->
