<step title="Incoming Request" date="2026-02-18T14:36:55.737" instance="3afc23" url="/api/zipdeploy?isAsync=true" method="POST" type="request" pid="776,1,19" Accept="*/*" Host="sgt400-predictive-maint.scm.azurewebsites.net" User-Agent="AZURECLI/2.83.0 (MSI)" Accept-Encoding="gzip, deflate" Authorization="Bea..." Cache-Control="no-cache" Content-Type="application/octet-stream" Content-Length="171345" x-ms-client-request-id="38c5cfb9-0cd7-11f1-a159-9c65ebbafaa8" x-ms-artifact-checksum="605a00b6b13a76231554578ebe3b56cd17ddab12479c3d2b7daebb1d38928911" X-ARR-LOG-ID="38c5cfb9-0cd7-11f1-a159-9c65ebbafaa8" CLIENT-IP="125.165.153.54:10497" X-SITE-DEPLOYMENT-ID="sgt400-predictive-maint" WAS-DEFAULT-HOSTNAME="sgt400-predictive-maint.scm.azurewebsites.net" X-Forwarded-Proto="https" X-AppService-Proto="https" X-Forwarded-TlsVersion="1.3" X-WAWS-Unencoded-URL="/api/zipdeploy?isAsync=true" X-Client-IP="125.165.153.54" X-Client-Port="10497" >
  <step title="Cleanup Xml Logs" date="2026-02-18T14:36:55.740" /><!-- duration: 15ms -->
  <step title="ZipPushDeploy" date="2026-02-18T14:36:55.861" >
    <step title="ZipDeploy. Extract zip. Remote build." date="2026-02-18T14:36:55.875" /><!-- duration: 5ms -->
    <step title="None repository commit" date="2026-02-18T14:36:55.897" >
      <step title="Commit id: 6dc56c24-733f-4ae3-9e5a-f6835192d08e" date="2026-02-18T14:36:55.905" Message="N/A" AuthorName="N/A" AuthorEmail="N/A" /><!-- duration: 6ms -->
    </step><!-- duration: 19ms -->
    <step title="Starting PushDeployAsync" date="2026-02-18T14:36:55.921" /><!-- duration: 5ms -->
    <step title="Writing artifact to /tmp/zipdeploy/e4cd2dfd-4d66-4ac7-8815-1f38846b4152.zip" date="2026-02-18T14:36:55.977" >
      <step title="Writing multipart request body to /tmp/zipdeploy/e4cd2dfd-4d66-4ac7-8815-1f38846b4152.zip" date="2026-02-18T14:36:55.983" /><!-- duration: 6ms -->
    </step><!-- duration: 66ms -->
    <step title="Removing previous build artifact&apos;s manifest file" date="2026-02-18T14:36:56.053" >
      <step title="Start deployment in the background" date="2026-02-18T14:36:56.110" >
        <step title="Acquiring Deployment Lock" date="2026-02-18T14:36:56.159" /><!-- duration: 5ms -->
        <step title="Acquired Deployment Lock" date="2026-02-18T14:36:56.213" /><!-- duration: 6ms -->
      </step><!-- duration: 226ms -->
    </step><!-- duration: 299ms -->
    <step title="Outgoing response" date="2026-02-18T14:36:56.361" type="response" statusCode="202" statusText="Accepted" /><!-- duration: 4ms -->
  </step><!-- duration: 507ms -->
