<step title="Incoming Request" date="2026-02-18T15:06:04.241" instance="3afc23" url="/api/zipdeploy?isAsync=true" method="POST" type="request" pid="776,1,37" Accept="*/*" Host="sgt400-predictive-maint.scm.azurewebsites.net" User-Agent="AZURECLI/2.83.0 (MSI)" Accept-Encoding="gzip, deflate" Authorization="Bea..." Cache-Control="no-cache" Content-Type="application/octet-stream" Content-Length="171348" x-ms-client-request-id="454ca3c8-0cdb-11f1-9090-9c65ebbafaa8" x-ms-artifact-checksum="1f3d82958befaf5c724295fd54f9a3bfc9a7d4a7201f24515fa3ef6380083edf" X-ARR-LOG-ID="454ca3c8-0cdb-11f1-9090-9c65ebbafaa8" CLIENT-IP="125.165.153.54:16676" X-SITE-DEPLOYMENT-ID="sgt400-predictive-maint" WAS-DEFAULT-HOSTNAME="sgt400-predictive-maint.scm.azurewebsites.net" X-Forwarded-Proto="https" X-AppService-Proto="https" X-Forwarded-TlsVersion="1.3" X-WAWS-Unencoded-URL="/api/zipdeploy?isAsync=true" X-Client-IP="125.165.153.54" X-Client-Port="16676" >
  <step title="Cleanup Xml Logs" date="2026-02-18T15:06:04.246" /><!-- duration: 27ms -->
  <step title="ZipPushDeploy" date="2026-02-18T15:06:04.359" >
    <step title="ZipDeploy. Extract zip. Remote build." date="2026-02-18T15:06:04.370" /><!-- duration: 22ms -->
    <step title="Starting PushDeployAsync" date="2026-02-18T15:06:04.402" /><!-- duration: 5ms -->
    <step title="Writing artifact to /tmp/zipdeploy/e9eaa843-af4c-4f68-9c69-2cf7ad44c2bd.zip" date="2026-02-18T15:06:04.433" >
      <step title="Writing multipart request body to /tmp/zipdeploy/e9eaa843-af4c-4f68-9c69-2cf7ad44c2bd.zip" date="2026-02-18T15:06:04.438" /><!-- duration: 7ms -->
    </step><!-- duration: 43ms -->
    <step title="Removing previous build artifact&apos;s manifest file" date="2026-02-18T15:06:04.486" >
      <step title="Start deployment in the background" date="2026-02-18T15:06:04.502" >
        <step title="Acquiring Deployment Lock" date="2026-02-18T15:06:04.524" /><!-- duration: 7ms -->
        <step title="Acquired Deployment Lock" date="2026-02-18T15:06:04.567" /><!-- duration: 6ms -->
      </step><!-- duration: 185ms -->
    </step><!-- duration: 212ms -->
    <step title="Outgoing response" date="2026-02-18T15:06:04.706" type="response" statusCode="202" statusText="Accepted" /><!-- duration: 6ms -->
  </step><!-- duration: 356ms -->
