<step title="Incoming Request" date="2026-02-18T14:53:36.780" instance="3afc23" url="/api/zipdeploy?isAsync=true" method="POST" type="request" pid="776,1,7" Accept="*/*" Host="sgt400-predictive-maint.scm.azurewebsites.net" User-Agent="AZURECLI/2.83.0 (MSI)" Accept-Encoding="gzip, deflate" Authorization="Bea..." Cache-Control="no-cache" Content-Type="application/octet-stream" Content-Length="171348" x-ms-client-request-id="910f2cff-0cd9-11f1-9511-9c65ebbafaa8" x-ms-artifact-checksum="1f3d82958befaf5c724295fd54f9a3bfc9a7d4a7201f24515fa3ef6380083edf" X-ARR-LOG-ID="910f2cff-0cd9-11f1-9511-9c65ebbafaa8" CLIENT-IP="125.165.153.54:27060" X-SITE-DEPLOYMENT-ID="sgt400-predictive-maint" WAS-DEFAULT-HOSTNAME="sgt400-predictive-maint.scm.azurewebsites.net" X-Forwarded-Proto="https" X-AppService-Proto="https" X-Forwarded-TlsVersion="1.3" X-WAWS-Unencoded-URL="/api/zipdeploy?isAsync=true" X-Client-IP="125.165.153.54" X-Client-Port="27060" >
  <step title="Cleanup Xml Logs" date="2026-02-18T14:53:36.788" /><!-- duration: 12ms -->
  <step title="ZipPushDeploy" date="2026-02-18T14:53:37.893" >
    <step title="ZipDeploy. Extract zip. Remote build." date="2026-02-18T14:53:37.913" /><!-- duration: 4ms -->
    <step title="Starting PushDeployAsync" date="2026-02-18T14:53:37.928" /><!-- duration: 4ms -->
    <step title="Writing artifact to /tmp/zipdeploy/70dfdf4b-1e9c-43a7-8930-ce6d4ab3c30f.zip" date="2026-02-18T14:53:37.953" >
      <step title="Writing multipart request body to /tmp/zipdeploy/70dfdf4b-1e9c-43a7-8930-ce6d4ab3c30f.zip" date="2026-02-18T14:53:37.964" /><!-- duration: 6ms -->
    </step><!-- duration: 214ms -->
    <step title="Start deployment in the background" date="2026-02-18T14:53:38.182" >
      <step title="Acquiring Deployment Lock" date="2026-02-18T14:53:38.215" /><!-- duration: 5ms -->
      <step title="Cannot Acquire Deployment Lock already held" date="2026-02-18T14:53:38.241" /><!-- duration: 16ms -->
    </step><!-- duration: 229ms -->
    <step title="There is a deployment currently in progress. Please try again when it completes." date="2026-02-18T14:53:38.420" /><!-- duration: 23ms -->
  </step><!-- duration: 561ms -->
  <step title="Outgoing response" date="2026-02-18T14:53:38.497" type="response" statusCode="409" statusText="Conflict" /><!-- duration: 4ms -->
</step><!-- duration: 1737ms -->
