<step title="BackgroundTrace" date="2026-02-18T15:06:04.515" instance="3afc23" url="/api/zipdeploy" method="POST" >
  <step title="Creating temporary deployment - FetchDeploymentManager" date="2026-02-18T15:06:04.577" /><!-- duration: 10ms -->
  <step title="Creating temporary deployment" date="2026-02-18T15:06:04.592" /><!-- duration: 91ms -->
  <step title="Performing fetch based deployment" date="2026-02-18T15:06:04.724" >
    <step title="Cleaning up temp folders from previous zip deployments and extracting pushed zip file /tmp/zipdeploy/e9eaa843-af4c-4f68-9c69-2cf7ad44c2bd.zip (0.16 MB) to /tmp/zipdeploy/extracted" date="2026-02-18T15:06:05.925" >
      <step title="ChmodRecursive Process exited with total time taken in ms: 382" date="2026-02-18T15:06:06.520" /><!-- duration: 6ms -->
    </step><!-- duration: 605ms -->
    <step title="Deployment timer started" date="2026-02-18T15:06:08.547" >
      <step title="DeploymentManager.Deploy(id:ed5378f9-10e5-4a94-92b4-080b470e77e5)" date="2026-02-18T15:06:08.557" >
        <step title="Collecting changeset information" date="2026-02-18T15:06:08.574" /><!-- duration: 126ms -->
        <step title="Updating submodules" date="2026-02-18T15:06:08.710" /><!-- duration: 1146ms -->
        <step title="Determining deployment builder" date="2026-02-18T15:06:10.109" >
          <step title="Builder is OryxBuilder" date="2026-02-18T15:06:10.122" /><!-- duration: 8ms -->
        </step><!-- duration: 26ms -->
        <step title="PreDeployment: context.CleanOutputPath False" date="2026-02-18T15:06:10.202" >
          <step title="PreDeployment: context.OutputPath /home/site/wwwroot" date="2026-02-18T15:06:10.343" >
            <step title="Building" date="2026-02-18T15:06:10.483" >
              <step title="Executing external process" date="2026-02-18T15:06:11.354" type="process" path="bash" arguments="-c &quot;oryx build /tmp/zipdeploy/extracted -o /home/site/wwwroot --platform python --platform-version 3.10 -p virtualenv_name=antenv --log-file /tmp/build-debug.log  -i /tmp/8de6eff3fed20ba --compress-destination-dir | tee /tmp/oryx-build.log ; exit $PIPESTATUS &quot;" >
                <step title="Cpu: python3(1964,13.020s)+python3(1965,12.600s)+uv(1905,2.770s)+ts(1906,0.040s)+build.sh(1904,0.000s)+build.sh(1903,0.000s)+build.sh(1816,0.020s)+oryx(1795,2.550s)+tee(1796,0.000s)+bash(1794,0.000s)=total(30.950s)" date="2026-02-18T15:08:00.742" /><!-- duration: 36ms -->
                <step title="bash: no io activity for 60s, prev-cpu=-1.000s, current-cpu=30.950s" date="2026-02-18T15:08:00.883" /><!-- duration: 17ms -->
                <step title="Cpu: zstd(2016,5.280s)+sh(2015,0.010s)+tar(2014,3.600s)+build.sh(2013,0.000s)+build.sh(2012,0.000s)+build.sh(1816,0.030s)+oryx(1795,2.680s)+tee(1796,0.000s)+bash(1794,0.000s)=total(11.600s)" date="2026-02-18T15:09:46.730" /><!-- duration: 18ms -->
                <step title="bash: no io activity for 60s, prev-cpu=-1.000s, current-cpu=11.600s" date="2026-02-18T15:09:46.905" /><!-- duration: 4ms -->
              </step><!-- duration: 242864ms -->
              <step title="Using PythonDeploymentLogParser" date="2026-02-18T15:10:14.626" /><!-- duration: 9ms -->
              <step title="Triggering recycle (preview mode disabled)." date="2026-02-18T15:10:15.909" /><!-- duration: 11ms -->
              <step title="Modified file to trigger a restart of the app container." date="2026-02-18T15:10:15.959" /><!-- duration: 5ms -->
              <step title="Skip function trigger and logicapp sync because function is not enabled." date="2026-02-18T15:10:15.971" /><!-- duration: 7ms -->
            </step><!-- duration: 246455ms -->
          </step><!-- duration: 246611ms -->
          <step title="Cleaning up temp files" date="2026-02-18T15:10:16.958" /><!-- duration: 1935ms -->
          <step title="Cleaning up temp files" date="2026-02-18T15:10:18.899" /><!-- duration: 506ms -->
          <step title="Reloading status file with latest updates" date="2026-02-18T15:10:19.445" >
            <step title="WebHooksManager.PublishEventAsync: PostDeployment" date="2026-02-18T15:10:19.450" /><!-- duration: 35ms -->
          </step><!-- duration: 45ms -->
          <step title="Cleaning up temporary deployment - fetch deployment was successful" date="2026-02-18T15:10:19.498" /><!-- duration: 4ms -->
        </step><!-- duration: 249375ms -->
      </step><!-- duration: 251052ms -->
