<step title="Incoming Request" date="2026-02-18T14:24:08.888" instance="3afc23" url="/api/zipdeploy?isAsync=true" method="POST" type="request" pid="768,1,47" Accept="*/*" Host="sgt400-predictive-maint.scm.azurewebsites.net" User-Agent="AZURECLI/2.83.0 (MSI)" Accept-Encoding="gzip, deflate" Authorization="Bea..." Cache-Control="no-cache" Content-Type="application/octet-stream" Content-Length="171345" x-ms-client-request-id="58b6ff5b-0cd5-11f1-94b3-9c65ebbafaa8" x-ms-artifact-checksum="03aa412f98ae8a799f54d259c9f8b5851713339d5cebef66a85fd7b50190af18" X-ARR-LOG-ID="58b6ff5b-0cd5-11f1-94b3-9c65ebbafaa8" CLIENT-IP="125.165.153.54:11195" X-SITE-DEPLOYMENT-ID="sgt400-predictive-maint" WAS-DEFAULT-HOSTNAME="sgt400-predictive-maint.scm.azurewebsites.net" X-Forwarded-Proto="https" X-AppService-Proto="https" X-Forwarded-TlsVersion="1.3" X-WAWS-Unencoded-URL="/api/zipdeploy?isAsync=true" X-Client-IP="125.165.153.54" X-Client-Port="11195" >
  <step title="Cleanup Xml Logs" date="2026-02-18T14:24:09.070" /><!-- duration: 1887ms -->
  <step title="ZipPushDeploy" date="2026-02-18T14:24:14.467" >
    <step title="ZipDeploy. Extract zip. Remote build." date="2026-02-18T14:24:14.492" /><!-- duration: 7ms -->
    <step title="Starting PushDeployAsync" date="2026-02-18T14:24:14.508" /><!-- duration: 6ms -->
    <step title="Writing artifact to /tmp/zipdeploy/cbcd967b-f1e4-4962-91c7-21aed87ff0a3.zip" date="2026-02-18T14:24:15.564" >
      <step title="Writing multipart request body to /tmp/zipdeploy/cbcd967b-f1e4-4962-91c7-21aed87ff0a3.zip" date="2026-02-18T14:24:15.572" /><!-- duration: 9ms -->
    </step><!-- duration: 4873ms -->
    <step title="Removing previous build artifact&apos;s manifest file" date="2026-02-18T14:24:20.481" >
      <step title="Start deployment in the background" date="2026-02-18T14:24:20.706" >
        <step title="Acquiring Deployment Lock" date="2026-02-18T14:24:20.882" /><!-- duration: 5ms -->
        <step title="Acquired Deployment Lock" date="2026-02-18T14:24:21.206" /><!-- duration: 7ms -->
      </step><!-- duration: 5564ms -->
    </step><!-- duration: 6464ms -->
    <step title="Outgoing response" date="2026-02-18T14:24:26.954" type="response" statusCode="202" statusText="Accepted" /><!-- duration: 13ms -->
  </step><!-- duration: 12505ms -->
