<step title="BackgroundTrace" date="2026-02-18T14:36:56.148" instance="3afc23" url="/api/zipdeploy" method="POST" >
  <step title="Creating temporary deployment - FetchDeploymentManager" date="2026-02-18T14:36:56.224" /><!-- duration: 4ms -->
  <step title="Creating temporary deployment" date="2026-02-18T14:36:56.241" /><!-- duration: 89ms -->
  <step title="Performing fetch based deployment" date="2026-02-18T14:36:56.402" >
    <step title="Cleaning up temp folders from previous zip deployments and extracting pushed zip file /tmp/zipdeploy/e4cd2dfd-4d66-4ac7-8815-1f38846b4152.zip (0.16 MB) to /tmp/zipdeploy/extracted" date="2026-02-18T14:36:57.606" >
      <step title="ChmodRecursive Process exited with total time taken in ms: 50" date="2026-02-18T14:36:57.734" /><!-- duration: 5ms -->
    </step><!-- duration: 149ms -->
    <step title="Deployment timer started" date="2026-02-18T14:36:59.785" >
      <step title="DeploymentManager.Deploy(id:6dc56c24-733f-4ae3-9e5a-f6835192d08e)" date="2026-02-18T14:36:59.817" >
        <step title="Collecting changeset information" date="2026-02-18T14:36:59.841" /><!-- duration: 86ms -->
        <step title="Updating submodules" date="2026-02-18T14:36:59.938" /><!-- duration: 1170ms -->
        <step title="Determining deployment builder" date="2026-02-18T14:37:01.395" >
          <step title="Builder is OryxBuilder" date="2026-02-18T14:37:01.427" /><!-- duration: 17ms -->
        </step><!-- duration: 55ms -->
        <step title="PreDeployment: context.CleanOutputPath False" date="2026-02-18T14:37:01.509" >
          <step title="PreDeployment: context.OutputPath /home/site/wwwroot" date="2026-02-18T14:37:01.634" >
            <step title="Building" date="2026-02-18T14:37:01.832" >
              <step title="Executing external process" date="2026-02-18T14:37:02.792" type="process" path="bash" arguments="-c &quot;oryx build /tmp/zipdeploy/extracted -o /home/site/wwwroot --platform python --platform-version 3.10 -p virtualenv_name=antenv --log-file /tmp/build-debug.log  -i /tmp/8de6efb2da1e898 --compress-destination-dir | tee /tmp/oryx-build.log ; exit $PIPESTATUS &quot;" /><!-- duration: 182522ms -->
              <step title="Using PythonDeploymentLogParser" date="2026-02-18T14:40:05.847" /><!-- duration: 9ms -->
              <step title="Triggering recycle (preview mode disabled)." date="2026-02-18T14:40:07.797" /><!-- duration: 10ms -->
              <step title="Modified file to trigger a restart of the app container." date="2026-02-18T14:40:07.852" /><!-- duration: 5ms -->
              <step title="Skip function trigger and logicapp sync because function is not enabled." date="2026-02-18T14:40:08.286" /><!-- duration: 13ms -->
            </step><!-- duration: 187383ms -->
          </step><!-- duration: 187592ms -->
          <step title="Cleaning up temp files" date="2026-02-18T14:40:09.230" /><!-- duration: 4551ms -->
          <step title="Cleaning up temp files" date="2026-02-18T14:40:13.796" /><!-- duration: 621ms -->
          <step title="Reloading status file with latest updates" date="2026-02-18T14:40:14.453" >
            <step title="WebHooksManager.PublishEventAsync: PostDeployment" date="2026-02-18T14:40:14.460" /><!-- duration: 227ms -->
          </step><!-- duration: 243ms -->
          <step title="Cleaning up temporary deployment - fetch deployment was successful" date="2026-02-18T14:40:14.864" /><!-- duration: 25ms -->
        </step><!-- duration: 193459ms -->
      </step><!-- duration: 195180ms -->
