<step title="BackgroundTrace" date="2026-02-18T14:50:52.688" instance="3afc23" url="/api/zipdeploy" method="POST" >
  <step title="Creating temporary deployment - FetchDeploymentManager" date="2026-02-18T14:50:52.766" /><!-- duration: 13ms -->
  <step title="Creating temporary deployment" date="2026-02-18T14:50:52.784" /><!-- duration: 125ms -->
  <step title="Performing fetch based deployment" date="2026-02-18T14:50:52.975" >
    <step title="Cleaning up temp folders from previous zip deployments and extracting pushed zip file /tmp/zipdeploy/c4e02d7b-7fb1-4a96-ba3e-7064ba87d9d3.zip (0.16 MB) to /tmp/zipdeploy/extracted" date="2026-02-18T14:50:54.172" >
      <step title="ChmodRecursive Process exited with total time taken in ms: 62" date="2026-02-18T14:50:54.359" /><!-- duration: 5ms -->
    </step><!-- duration: 196ms -->
    <step title="Deployment timer started" date="2026-02-18T14:50:56.378" >
      <step title="DeploymentManager.Deploy(id:8b4c6f61-04a9-4029-a4a0-b5b68068e71c)" date="2026-02-18T14:50:56.391" >
        <step title="Collecting changeset information" date="2026-02-18T14:50:56.424" /><!-- duration: 87ms -->
        <step title="Updating submodules" date="2026-02-18T14:50:56.530" /><!-- duration: 1146ms -->
        <step title="Determining deployment builder" date="2026-02-18T14:50:57.933" >
          <step title="Builder is OryxBuilder" date="2026-02-18T14:50:57.952" /><!-- duration: 5ms -->
        </step><!-- duration: 28ms -->
        <step title="PreDeployment: context.CleanOutputPath False" date="2026-02-18T14:50:58.014" >
          <step title="PreDeployment: context.OutputPath /home/site/wwwroot" date="2026-02-18T14:50:58.165" >
            <step title="Building" date="2026-02-18T14:50:58.343" >
              <step title="Executing external process" date="2026-02-18T14:50:58.837" type="process" path="bash" arguments="-c &quot;oryx build /tmp/zipdeploy/extracted -o /home/site/wwwroot --platform python --platform-version 3.10 -p virtualenv_name=antenv --log-file /tmp/build-debug.log  -i /tmp/8de6efd203a2f7d --compress-destination-dir | tee /tmp/oryx-build.log ; exit $PIPESTATUS &quot;" >
                <step title="Cpu: python3(1553,17.020s)+python3(1554,16.260s)+uv(1509,3.040s)+ts(1510,0.050s)+build.sh(1508,0.000s)+build.sh(1507,0.000s)+build.sh(1417,0.010s)+oryx(1398,2.380s)+tee(1399,0.000s)+bash(1397,0.000s)=total(38.750s)" date="2026-02-18T14:52:32.016" /><!-- duration: 23ms -->
                <step title="bash: no io activity for 60s, prev-cpu=-1.000s, current-cpu=38.750s" date="2026-02-18T14:52:32.062" /><!-- duration: 17ms -->
              </step><!-- duration: 178340ms -->
              <step title="Using PythonDeploymentLogParser" date="2026-02-18T14:53:57.578" /><!-- duration: 7ms -->
              <step title="Triggering recycle (preview mode disabled)." date="2026-02-18T14:53:59.225" /><!-- duration: 8ms -->
              <step title="Modified file to trigger a restart of the app container." date="2026-02-18T14:53:59.268" /><!-- duration: 5ms -->
              <step title="Skip function trigger and logicapp sync because function is not enabled." date="2026-02-18T14:53:59.282" /><!-- duration: 9ms -->
            </step><!-- duration: 181933ms -->
          </step><!-- duration: 182121ms -->
          <step title="Cleaning up temp files" date="2026-02-18T14:54:00.290" /><!-- duration: 1457ms -->
          <step title="Cleaning up temp files" date="2026-02-18T14:54:01.755" /><!-- duration: 513ms -->
          <step title="Reloading status file with latest updates" date="2026-02-18T14:54:02.331" >
            <step title="WebHooksManager.PublishEventAsync: PostDeployment" date="2026-02-18T14:54:02.336" /><!-- duration: 42ms -->
          </step><!-- duration: 53ms -->
          <step title="Cleaning up temporary deployment - fetch deployment was successful" date="2026-02-18T14:54:02.391" /><!-- duration: 4ms -->
        </step><!-- duration: 184443ms -->
      </step><!-- duration: 186098ms -->
