<step title="BackgroundTrace" date="2026-02-18T13:53:15.102" instance="3afc23" url="/api/zipdeploy" method="POST" >
  <step title="Creating temporary deployment - FetchDeploymentManager" date="2026-02-18T13:53:15.280" /><!-- duration: 3ms -->
  <step title="Creating temporary deployment" date="2026-02-18T13:53:15.289" /><!-- duration: 99ms -->
  <step title="Performing fetch based deployment" date="2026-02-18T13:53:15.598" >
    <step title="Cleaning up temp folders from previous zip deployments and extracting pushed zip file /tmp/zipdeploy/28b8dc74-66f2-465c-bfec-f7e47a5b453a.zip (0.16 MB) to /tmp/zipdeploy/extracted" date="2026-02-18T13:53:16.855" >
      <step title="ChmodRecursive Process exited with total time taken in ms: 466" date="2026-02-18T13:53:17.473" /><!-- duration: 4ms -->
    </step><!-- duration: 626ms -->
    <step title="Deployment timer started" date="2026-02-18T13:53:19.502" >
      <step title="DeploymentManager.Deploy(id:60492690-82e7-4626-bb2c-ee744da413fc)" date="2026-02-18T13:53:19.514" >
        <step title="Collecting changeset information" date="2026-02-18T13:53:19.528" /><!-- duration: 185ms -->
        <step title="Updating submodules" date="2026-02-18T13:53:19.778" /><!-- duration: 1159ms -->
        <step title="Determining deployment builder" date="2026-02-18T13:53:21.244" >
          <step title="Builder is OryxBuilder" date="2026-02-18T13:53:21.261" /><!-- duration: 17ms -->
        </step><!-- duration: 40ms -->
        <step title="PreDeployment: context.CleanOutputPath False" date="2026-02-18T13:53:21.328" >
          <step title="PreDeployment: context.OutputPath /home/site/wwwroot" date="2026-02-18T13:53:21.470" >
            <step title="Building" date="2026-02-18T13:53:21.665" >
              <step title="Executing external process" date="2026-02-18T13:53:22.038" type="process" path="bash" arguments="-c &quot;oryx build /tmp/zipdeploy/extracted -o /home/site/wwwroot --platform python --platform-version 3.12 -p virtualenv_name=antenv --log-file /tmp/build-debug.log  -i /tmp/8de6ef513e3cdaf --compress-destination-dir | tee /tmp/oryx-build.log ; exit $PIPESTATUS &quot;" >
                <step title="Cpu: python3(981,18.130s)+python3(982,18.060s)+uv(916,9.040s)+ts(917,0.040s)+build.sh(915,0.000s)+build.sh(914,0.000s)+build.sh(814,0.040s)+oryx(794,4.100s)+tee(795,0.010s)+bash(793,0.000s)=total(49.400s)" date="2026-02-18T13:55:00.299" /><!-- duration: 30ms -->
                <step title="bash: no io activity for 60s, prev-cpu=-1.000s, current-cpu=49.400s" date="2026-02-18T13:55:00.354" /><!-- duration: 7ms -->
              </step><!-- duration: 135703ms -->
              <step title="Using PythonDeploymentLogParser" date="2026-02-18T13:55:38.402" /><!-- duration: 10ms -->
              <step title="Triggering recycle (preview mode disabled)." date="2026-02-18T13:55:39.743" /><!-- duration: 13ms -->
              <step title="Modified file to trigger a restart of the app container." date="2026-02-18T13:55:39.790" /><!-- duration: 5ms -->
              <step title="Skip function trigger and logicapp sync because function is not enabled." date="2026-02-18T13:55:39.817" /><!-- duration: 6ms -->
            </step><!-- duration: 139310ms -->
          </step><!-- duration: 139512ms -->
          <step title="Cleaning up temp files" date="2026-02-18T13:55:40.988" /><!-- duration: 1390ms -->
          <step title="Cleaning up temp files" date="2026-02-18T13:55:42.385" /><!-- duration: 507ms -->
          <step title="Reloading status file with latest updates" date="2026-02-18T13:55:42.944" >
            <step title="WebHooksManager.PublishEventAsync: PostDeployment" date="2026-02-18T13:55:42.949" /><!-- duration: 53ms -->
          </step><!-- duration: 62ms -->
          <step title="Cleaning up temporary deployment - fetch deployment was successful" date="2026-02-18T13:55:43.024" /><!-- duration: 3ms -->
        </step><!-- duration: 141755ms -->
      </step><!-- duration: 143587ms -->
