<step title="Incoming Request" date="2026-02-18T14:16:45.561" instance="3afc23" url="/api/zipdeploy?isAsync=true" method="POST" type="request" pid="768,1,46" Accept="*/*" Host="sgt400-predictive-maint.scm.azurewebsites.net" User-Agent="AZURECLI/2.83.0 (MSI)" Accept-Encoding="gzip, deflate" Authorization="Bea..." Cache-Control="no-cache" Content-Type="application/octet-stream" Content-Length="171345" x-ms-client-request-id="6a226299-0cd4-11f1-b3cb-9c65ebbafaa8" x-ms-artifact-checksum="03aa412f98ae8a799f54d259c9f8b5851713339d5cebef66a85fd7b50190af18" X-ARR-LOG-ID="6a226299-0cd4-11f1-b3cb-9c65ebbafaa8" CLIENT-IP="125.165.153.54:28860" X-SITE-DEPLOYMENT-ID="sgt400-predictive-maint" WAS-DEFAULT-HOSTNAME="sgt400-predictive-maint.scm.azurewebsites.net" X-Forwarded-Proto="https" X-AppService-Proto="https" X-Forwarded-TlsVersion="1.3" X-WAWS-Unencoded-URL="/api/zipdeploy?isAsync=true" X-Client-IP="125.165.153.54" X-Client-Port="28860" >
  <step title="ZipPushDeploy" date="2026-02-18T14:16:47.075" >
    <step title="ZipDeploy. Extract zip. Remote build." date="2026-02-18T14:16:47.092" /><!-- duration: 11ms -->
    <step title="None repository commit" date="2026-02-18T14:16:47.140" >
      <step title="Commit id: e178c7fb-6893-44ab-9877-9d4afe9a388e" date="2026-02-18T14:16:47.146" Message="N/A" AuthorName="N/A" AuthorEmail="N/A" /><!-- duration: 6ms -->
    </step><!-- duration: 23ms -->
    <step title="Starting PushDeployAsync" date="2026-02-18T14:16:47.168" /><!-- duration: 5ms -->
    <step title="Writing artifact to /tmp/zipdeploy/373e6214-f76e-4934-9c33-5db18d6ac6b1.zip" date="2026-02-18T14:16:47.211" >
      <step title="Writing multipart request body to /tmp/zipdeploy/373e6214-f76e-4934-9c33-5db18d6ac6b1.zip" date="2026-02-18T14:16:47.219" /><!-- duration: 9ms -->
    </step><!-- duration: 85ms -->
    <step title="Removing previous build artifact&apos;s manifest file" date="2026-02-18T14:16:47.311" >
      <step title="Start deployment in the background" date="2026-02-18T14:16:47.328" >
        <step title="Acquiring Deployment Lock" date="2026-02-18T14:16:47.345" /><!-- duration: 6ms -->
        <step title="Acquired Deployment Lock" date="2026-02-18T14:16:47.407" /><!-- duration: 6ms -->
      </step><!-- duration: 323ms -->
    </step><!-- duration: 349ms -->
    <step title="Outgoing response" date="2026-02-18T14:16:47.672" type="response" statusCode="202" statusText="Accepted" /><!-- duration: 11ms -->
  </step><!-- duration: 617ms -->
